{
    "memspec": {
        "memarchitecturespec": {
            "burstLength": 16,
            "dataRate": 2,
            "nbrOfBanks": 8,
            "nbrOfColumns": 1024,
            "nbrOfRanks": 1,
            "nbrOfRows": 65536,
            "width": 16,
            "nbrOfDevices": 1,
            "nbrOfChannels": 4,
            "nbrOfBankGroups": 1,
            "maxBurstLength": 16
        },
        "memoryId": "JEDEC_8Gb_LPDDR4-3200_16bit",
        "memoryType": "LPDDR4",
        "mempowerspec": {
            "idd01": 0.0035,
            "idd02": 0.045,
            "idd0ql": 0.00075,
            "idd2n1": 0.002,
            "idd2n2": 0.027,
            "idd2nQ": 0.00075,
            "idd2ns1": 0.002,
            "idd2ns2": 0.023,
            "idd2nsq": 0.00075,
            "idd2p1": 0.0012,
            "idd2p2": 0.003,
            "idd2pQ": 0.00075,
            "idd2ps1": 0.0012,
            "idd2ps2": 0.003,
            "idd2psq": 0.00075,
            "idd3n1": 0.00225,
            "idd3n2": 0.03,
            "idd3nQ": 0.00075,
            "idd3ns1": 0.00225,
            "idd3ns2": 0.03,
            "idd3nsq": 0.00075,
            "idd3p1": 0.0012,
            "idd3p2": 0.009,
            "idd3pQ": 0.00075,
            "idd3ps1": 0.0012,
            "idd3ps2": 0.009,
            "idd3psq": 0.00075,
            "idd4r1": 0.00225,
            "idd4r2": 0.275,
            "idd4rq": 0.15,
            "idd4w1": 0.00225,
            "idd4w2": 0.21,
            "idd4wq": 0.055,
            "idd51": 0.01,
            "idd52": 0.09,
            "idd5ab1": 0.0025,
            "idd5ab2": 0.03,
            "idd5abq": 0.00075,
            "idd5pb1": 0.0025,
            "idd5pb2": 0.03,
            "idd5pbq": 0.00075,
            "idd5q": 0.00075,
            "idd61": 0.0003,
            "idd62": 0.0005,
            "idd6q": 0.0001,
            "vdd1": 1.8,
            "vdd2": 1.1,
            "vddq": 1.1,
            "iBeta_vdd1": 0.0035,
            "iBeta_vdd2": 0.045
        },
        "memtimingspec": {
            "CCD": 8,
            "CCDMW": 32,
            "CKE": 12,
            "CMDCKE": 3,
            "DQS2DQ": 2,
            "DQSCK": 6,
            "DQSS": 1,
            "ESCKE": 3,
            "FAW": 64,
            "PPD": 4,
            "RCD": 29,
            "REFI": 6246,
            "REFIpb": 780,
            "RFCab": 448,
            "RFCpb": 224,
            "RL": 28,
            "RAS": 68,
            "RPab": 34,
            "RPpb": 29,
            "RCab": 102,
            "RCpb": 97,
            "RPST": 0,
            "RRD": 16,
            "RTP": 12,
            "SR": 24,
            "WL": 14,
            "WPRE": 2,
            "WR": 29,
            "WTR": 16,
            "XP": 12,
            "XSR": 460,
            "RTRS": 1,
            "tCK": 6.25e-10
        },
        "memimpedancespec": {
            "ck_termination": true,
            "ck_R_eq": 1000000.0,
            "ck_dyn_E": 1e-12,
            "ca_termination": true,
            "ca_R_eq": 1000000.0,
            "ca_dyn_E": 1e-12,
            "rdq_termination": true,
            "rdq_R_eq": 1000000.0,
            "rdq_dyn_E": 1e-12,
            "wdq_termination": true,
            "wdq_R_eq": 1000000.0,
            "wdq_dyn_E": 1e-12,
            "wdqs_termination": true,
            "wdqs_R_eq": 1000000.0,
            "wdqs_dyn_E": 1e-12,
            "rdqs_termination": true,
            "rdqs_R_eq": 1000000.0,
            "rdqs_dyn_E": 1e-12,
            "rdbi_termination": true,
            "rdbi_R_eq": 1000000.0,
            "rdbi_dyn_E": 1e-12,
            "wdbi_termination": true,
            "wdbi_R_eq": 1000000.0,
            "wdbi_dyn_E": 1e-12
        },
        "bankwisespec": {
            "factRho": 1,
            "factSigma": 1,
            "pasrMode": 0,
            "hasPASR": false
        }
    }
}